IMG_ID,PRED_LAB,ACTUAL_CT,PRED_CT,CT_ERROR,%Error, mAP_Train,mAP_Test(50-95) 
DJI_0023 .jpg,Yes,15,12,3,20,0.678,0.338
DJI_0255 .jpg,Yes,16,12,4,25,0.678,0.338
DJI_0268 .jpg,Yes,12,8,4,33.33333333,0.678,0.338
DJI_0080.jpg,Yes,10,8,2,20,0.678,0.338
DJI_0185 .jpg,Yes,9,7,2,22.22222222,0.678,0.338
DJI_0487.jpg,Yes,10,7,3,30,0.678,0.338
DJI_0502 .jpg,Yes,9,7,2,22.22222222,0.678,0.338
DJI_0205 .jpg,Yes,4,4,0,0,0.678,0.338
DJI_0088 .jpg,Yes,4,4,0,0,0.678,0.338
DJI_0416 .jpg,Yes,5,2,3,60,0.678,0.338
